epoch,train_loss,loss_classifier,loss_box_reg,loss_mask,loss_objectness,loss_rpn_box_reg,val_AP,val_AP50,val_AP75,lr,secs
0,49.806615518719966,0.7915360055277857,0.9615226108371542,46.826619100034904,0.4748581107077974,0.7520796523816632,0.0017085702068865877,0.008105834762632555,1.628452318916102e-05,6.354531762768625e-06,319.8265860080719
1,3.9370564784896507,0.3392377084309465,0.31365462984847886,2.7798804299215254,0.2601046911283825,0.2441790108516645,0.007358406500568977,0.037273434974936265,0.000556099566000556,1.3187134558495877e-05,192.48821425437927
2,1.7199847745091728,0.32133246661069687,0.2825868260429314,0.7437207705519172,0.21774067106039335,0.1546040278979776,0.026265651175317466,0.10058243579181442,0.0039446378799625976,2.3827492541143383e-05,128.3558554649353
3,1.4009224819333366,0.2991649726970812,0.3018999919713883,0.48598849840378494,0.16458193493190776,0.14928708857532297,0.027044143093220195,0.0859881760364426,0.005974716325235463,3.7231728175820636e-05,149.3546860218048
4,1.3730592620506714,0.3288502762659212,0.3540492584363798,0.42012462857064237,0.13152731806458381,0.13850776692119876,0.08682695154989385,0.22593986059981222,0.03195139618875275,5.208481235596585e-05,107.69231486320496
5,1.337757947404733,0.3287861111542482,0.4104684695099177,0.3680678770113527,0.1007094554854243,0.12972603535038954,0.10509736642400735,0.26986423044130553,0.04532888361216166,6.69295759783612e-05,120.7489755153656
6,1.3021120455827606,0.3529093057084619,0.41743437870499794,0.34243609195344904,0.07919531818113049,0.11013694994905021,0.17604579540188692,0.33890914577958425,0.16493719884393948,8.030966623218493e-05,109.60645627975464
7,1.313900229636203,0.38476490204253894,0.4305167981747831,0.3217740425567948,0.07781482548609878,0.09902966377231177,0.1755108009771329,0.35924888112775216,0.14317963129660216,9.091242280529792e-05,95.99139666557312
8,1.2881481647491455,0.40332932033565605,0.43196529752752755,0.3056802289204651,0.06185569277744782,0.08531762775180213,0.20193450573949545,0.392942068310512,0.1976220812929481,9.769765706752109e-05,120.12742042541504
9,1.207412726088856,0.3672705626722132,0.40320306765229513,0.29641846324620624,0.058707751956339295,0.08181288256571534,0.24791387301060575,0.4730369473642873,0.2361903839606037,9.999999615432147e-05,104.60172963142395
10,1.199303961202,0.3611835099003288,0.4144269341833136,0.29258022499218417,0.053102541019030836,0.0780107555806302,0.23561672865715877,0.43977025509298256,0.22908789305203625,9.996885323768647e-05,114.71179008483887
11,1.125766165470809,0.3403715184900198,0.38988799861307893,0.2784667828779542,0.04543620321031116,0.07160366413424189,0.26492036372533156,0.4535887138260465,0.29302968148002645,9.987683121416232e-05,105.6621265411377
12,1.0537221810121216,0.30296120562412765,0.37053085821733045,0.27371581434533837,0.04029651464936271,0.06621779087836739,0.2841186499183824,0.505886198846128,0.30148225368919385,9.972404219840979e-05,103.14124894142151
13,1.0732381936539426,0.32120955053172756,0.3720743771684304,0.2764336175463173,0.041304044732222274,0.062216608628128355,0.2869164818154037,0.49314016452701764,0.29972379097535945,9.951067234030923e-05,91.55573153495789
14,1.034591341956278,0.3092064017409019,0.3581738022438596,0.2708387225866318,0.036543444835147924,0.059828975248370275,0.2968913389354967,0.49947236294854946,0.35800766526297734,9.92369815981656e-05,101.17924308776855
15,1.0332687952545252,0.2993998931867353,0.36132893979214553,0.2731219083070755,0.042606508582987396,0.0568115497740467,0.3142908348022008,0.5369165336551891,0.35419948582106997,9.89033034219894e-05,88.03435730934143
16,0.9491200179196475,0.262962441724003,0.3365275633803914,0.2599549288495203,0.034112928841352,0.05556215541541911,0.3121216932457439,0.5219058374652391,0.3776013967729726,9.851004434723913e-05,105.94396877288818
17,0.9429782639058788,0.26163104754150585,0.33251621892278116,0.2605980514140611,0.034329118578579655,0.05390383842076813,0.3081964502319872,0.5244812569676797,0.3515367249604899,9.805768349952044e-05,94.13120079040527
18,0.9404625500855821,0.2719356202509966,0.3313545412227009,0.2540066466572579,0.0320568948910896,0.05110884121791826,0.31240930146491125,0.5016965571820955,0.3764335107616819,9.75467720108454e-05,92.12257623672485
19,0.9406231876169697,0.26579778792148223,0.33581829724017154,0.25636823609303894,0.03043782974336966,0.05220103310944324,0.3079840204077713,0.529647605400287,0.3480556704325614,9.697793234816313e-05,94.49623107910156
20,0.9306617154833976,0.2576743072589462,0.3342341864795497,0.25687683716918647,0.030568210155640343,0.05130817101002158,0.31302982021901504,0.5127004699129714,0.35108232192058053,9.635185755497956e-05,90.46083521842957
21,0.8981548916088061,0.24756964806760295,0.3162973661268695,0.24961131107941104,0.03458935861329265,0.050087205940083174,0.30671816188246764,0.4933304336658093,0.3632240218859551,9.566931040699073e-05,89.77896046638489
22,0.8702543086550208,0.2410676833870036,0.3033500281947382,0.2477596994866146,0.028495102129311542,0.04958178853783547,0.3166929853142326,0.5352540464775166,0.34551271005768974,9.493112248275816e-05,101.10079431533813
23,0.8928218617867888,0.2612696214254652,0.3088047972388482,0.24768569914812452,0.02625421118651768,0.04880753463510884,0.325939527967142,0.5338798476105381,0.3751229582914631,9.41381931505584e-05,96.43691825866699
24,0.8866233706809161,0.24997616429509742,0.3111938771404577,0.25152106231518007,0.02518933948150344,0.048742920945115974,0.31644672816345165,0.5181079130534573,0.3753578441089898,9.329148847264131e-05,95.2785153388977
25,0.8546685060758269,0.23165717181027606,0.303386449227842,0.24833180813976888,0.024334090671912778,0.04695898962855925,0.33001015254038873,0.5109722840823883,0.4107660271616547,9.239204002823209e-05,91.35927772521973
26,0.8302619390273362,0.21055577498640907,0.30135570089803654,0.24468507743283605,0.026555562280039982,0.04710982460005397,0.3417587332752744,0.5234024771212806,0.4183357958643544,9.144094365671084e-05,83.11582946777344
27,0.8462529822012012,0.2303962053814798,0.3033003769396396,0.2439958838264594,0.022377784721346657,0.04618272781790642,0.322961186839649,0.5250549675934125,0.38338605006560506,9.04393581225011e-05,102.09691143035889
28,0.802066140630272,0.2065654926190383,0.2901761849107367,0.24059355434741866,0.021821805340561,0.04290909555693565,0.33904793902200375,0.5309175873603798,0.4081988265505583,8.938850370329388e-05,95.40567588806152
29,0.8060573131850596,0.2034263261122985,0.2972041733479232,0.23877075548922078,0.022600742728315984,0.04405531122380595,0.3333568411311918,0.5460041295993655,0.37233795118648333,8.828966070332726e-05,94.90812087059021
30,0.805814006690229,0.207408951574497,0.2899290740155102,0.2422088769714484,0.02254922855926646,0.04371787916366639,0.3375314339814765,0.5303961966190994,0.41224978826579656,8.71441678935329e-05,106.76504635810852
31,0.8041835263204039,0.20203981841548105,0.29750830571303205,0.24129778665772986,0.021148095425058765,0.042189527310828645,0.29461575842562715,0.4843656700695305,0.3388090489449313,8.595342088044993e-05,99.86765313148499
32,0.7944637259070793,0.2011230273507117,0.292587310954761,0.23940787405780192,0.021631104465730338,0.0397144111731414,0.3386986839110945,0.5506290250336042,0.377339750161265,8.471887040589323e-05,107.75784206390381
33,0.7715067657526959,0.1948155327543114,0.28550970181822777,0.23188482501198737,0.019454640036467147,0.03984206275533089,0.3169921085814964,0.5078333570880574,0.3820965833096426,8.344202057944817e-05,90.6952657699585
34,0.7682350827067086,0.19389088613012534,0.2823800849780608,0.2341026271996873,0.0186753343315625,0.039186158520954376,0.3511441128314557,0.5455087204661759,0.4262389520597019,8.21244270459446e-05,93.07697343826294
35,0.7589516895875502,0.18984836718758172,0.2769652458975154,0.23375485335173232,0.018508498779033034,0.039874722699770764,0.3304930625675529,0.5196511356874007,0.40039806101106884,8.076769509014338e-05,104.79632782936096
36,0.7824307459124019,0.195453758989827,0.2815847404384881,0.23669260430536912,0.026712721767897452,0.041986923288093524,0.3179655857853705,0.5134851915615735,0.36107315667450657,7.937347768094413e-05,99.09257459640503
37,0.7510996862743677,0.18248388886954006,0.2770260841156659,0.2321751517861077,0.01916423856139803,0.04025031456245068,0.35998832903249567,0.5425873697258371,0.4482716506980814,7.794347345749722e-05,111.26833724975586
38,0.7317850321866153,0.18006457432351086,0.270301206979189,0.227144636548637,0.01730681574210823,0.03696780146905378,0.3354367558653229,0.5163585168381406,0.40736946217890924,7.647942465967366e-05,91.65279030799866
39,0.7331787977325782,0.17707985778747315,0.27111210665676033,0.22837951260336328,0.019097886612348448,0.03750943635025302,0.311172281681344,0.4936946618559023,0.36327967573946185,7.498311500541415e-05,103.17869758605957
40,0.7295604408457038,0.17202551970572283,0.2698304744416408,0.23098313523812242,0.01871735614536754,0.038003956030510114,0.35070624466382944,0.5425921405434515,0.4202812952478372,7.34563675175436e-05,103.83065295219421
41,0.7187822933277387,0.1684575147319878,0.26669042214248956,0.22954034955983751,0.015870206429671466,0.038223796348830455,0.32183758689139697,0.5011505201146242,0.3753082514786147,7.190104230269854e-05,104.01075911521912
42,0.7311285643765096,0.18108897888509745,0.26874966216221285,0.22630375079559475,0.01727767390957013,0.03770850251135783,0.3285925550136751,0.5026920763949303,0.4006112662657205,7.031903428507379e-05,88.24925374984741
43,0.7190734514694536,0.16748005262670224,0.2669336707069633,0.2311403573898787,0.017403303616774383,0.03611607320627637,0.3201435907089056,0.5126698333532428,0.37347386651470316,6.871227089774915e-05,100.80520462989807
44,0.7204643146375592,0.16749066712983537,0.27101954206656875,0.2300421769699354,0.01690568481562162,0.035006241768263696,0.3489183995158886,0.5169554273862226,0.44253735335200994,6.708270973440918e-05,92.58327078819275
45,0.6979922719216078,0.16205976576429237,0.2609001218100612,0.22480151609758312,0.014304604093861221,0.03592626735688386,0.336017298243017,0.5223782231792069,0.393059426273112,6.543233616431673e-05,93.26655220985413
46,0.7048969931816786,0.16479137964714108,0.26373436406589623,0.224401261783048,0.01576491224440861,0.03620507884535185,0.3089332721416751,0.4930597206706933,0.3609831527646357,6.376316091344639e-05,90.96657419204712
47,0.6907858070027962,0.1634887872221932,0.2562385553891739,0.220917122333907,0.015609799225008889,0.034531550992050034,0.31465697503786516,0.48740807867692054,0.383869112934829,6.207721761472463e-05,86.10296511650085
